<?xml version="1.0"?>
<doc>
    <assembly>
        <name>IQUtil.Fakes</name>
    </assembly>
    <members>
        <member name="T:IQUtil.Fakes.ShimHash">
            <summary>Shim type of IQUtil.Hash</summary>
        </member>
        <member name="M:IQUtil.Fakes.ShimHash.#ctor">
            <summary>Initializes a new shim instance</summary>
        </member>
        <member name="M:IQUtil.Fakes.ShimHash.BehaveAsCurrent">
            <summary>Assigns the &apos;Current&apos; behavior for all methods of the shimmed type</summary>
        </member>
        <member name="M:IQUtil.Fakes.ShimHash.BehaveAsNotImplemented">
            <summary>Assigns the &apos;NotImplemented&apos; behavior for all methods of the shimmed type</summary>
        </member>
        <member name="P:IQUtil.Fakes.ShimHash.Behavior">
            <summary>Assigns the behavior for all methods of the shimmed type</summary>
        </member>
        <member name="P:IQUtil.Fakes.ShimHash.generateString">
            <summary>Sets the shim of Hash.generate(String input)</summary>
        </member>
    </members>
</doc>
